"training_step_index_zero_based","task_name_for_this_sample","sample_index_within_logged_rows_for_this_step","prompt_group_index_after_prompt_replication","candidate_index_within_group_for_same_prompt","prompt_messages_with_roles_joined_into_single_text","question_text_from_task_metadata_if_available","ground_truth_numeric_answer_from_task_metadata_if_available","model_completion_text","generated_completion_token_count_for_this_sample","total_reward_used_for_policy_update_for_this_sample","advantage_used_for_policy_update_for_this_sample","math_hard/is_exact_match_using_number_parsed_from_boxed_answer","math_hard/is_exact_match_using_relaxed_last_number_parser","math_hard/is_exact_match_only_with_relaxed_parser_not_boxed","math_hard/completion_contains_boxed_answer_pattern","math_hard/completion_contains_literal_backslash_boxed_open_brace","math_hard/used_relaxed_fallback_last_number_parser","math_hard/reward_component_format_contains_boxed_pattern","math_hard/reward_component_relaxed_exact_match_bonus_added_to_total_reward","math_hard/reward_component_exact_match_from_boxed_prediction","math_hard/predicted_number_from_boxed_answer_parser","math_hard/ground_truth_number","math_hard/problem_level_integer"
"199","math_hard","0","0","0","system: Solve the competition-level math problem.
Return the final answer in this exact format: \boxed{NUMBER}
Do not output XML, ####, or extra prose.
Output only the boxed final answer.
user: Let $P$ be a point inside triangle $ABC$.  Let $G_1$, $G_2$, and $G_3$ be the centroids of triangles $PBC$, $PCA$, and $PAB$, respectively.  If the area of triangle $ABC$ is 18, then find the area of triangle $G_1 G_2 G_3$.

[asy]
import geometry;

unitsize(2 cm);

pair A, B, C, P;
pair[] G;

A = (1,3);
B = (0,0);
C = (4,0);
P = (2,1);
G[1] = (P + B + C)/3;
G[2] = (P + C + A)/3;
G[3] = (P + A + B)/3;

draw(A--B--C--cycle);
draw(A--P);
draw(B--P);
draw(C--P);
draw(G[1]--G[2]--G[3]--cycle);

label(""$A$"", A, dir(90));
label(""$B$"", B, SW);
label(""$C$"", C, SE);
dot(""$G_1$"", G[1], S);
dot(""$G_2$"", G[2], SE);
dot(""$G_3$"", G[3], NW);
label(""$P$"", P, S);
[/asy]

Return only: \boxed{NUMBER}","Let $P$ be a point inside triangle $ABC$.  Let $G_1$, $G_2$, and $G_3$ be the centroids of triangles $PBC$, $PCA$, and $PAB$, respectively.  If the area of triangle $ABC$ is 18, then find the area of triangle $G_1 G_2 G_3$.

[asy]
import geometry;

unitsize(2 cm);

pair A, B, C, P;
pair[] G;

A = (1,3);
B = (0,0);
C = (4,0);
P = (2,1);
G[1] = (P + B + C)/3;
G[2] = (P + C + A)/3;
G[3] = (P + A + B)/3;

draw(A--B--C--cycle);
draw(A--P);
draw(B--P);
draw(C--P);
draw(G[1]--G[2]--G[3]--cycle);

label(""$A$"", A, dir(90));
label(""$B$"", B, SW);
label(""$C$"", C, SE);
dot(""$G_1$"", G[1], S);
dot(""$G_2$"", G[2], SE);
dot(""$G_3$"", G[3], NW);
label(""$P$"", P, S);
[/asy]","2","To solve the problem, we need to understand the relationship between the areas of triangles \(ABC\) and \(G_1G_2G_3\). The points \(G_1\), \(G_2\), and \(G_3\) are the centroids of triangles \(PBC\), \(PCA\), and \(PAB\), respectively. The centroid of a triangle divides each median into a ratio of 2:1, and it is also the average of the coordinates of the vertices of the triangle.

The key insight is that the triangle \(G_1G_2G_3\) is similar to triangle \(ABC\) and is formed by connecting the centroids of the smaller triangles formed by point \(P\) and the sides of triangle \(ABC\). The similarity ratio between triangle \(G_1G_2G_3\) and triangle \(ABC\) is \(\frac{1}{3}\) because each side of triangle \(G_1G_2G_3\) is parallel to and one-third the length of the corresponding side of triangle \(ABC\).

Since the area of a triangle is proportional to the square of its side lengths, the area of triangle \(G_1G_2G_3\) is \(\left(\frac{1}{3}\right)^2 = \frac{1}{9}\) of the area of triangle \(ABC\).

Given that the area of triangle \(ABC\) is 18, the area of triangle \(G_1G_2G_3\) is:
\[
\text{Area of } G_1G_2G_3 = \frac{1}{9} \times 18 = 2
\]

Thus, the area of triangle \(G_1G_2G_3\) is \(\boxed{2}\).","379","1.1","0","1","1","0","1","1","0","0.1","0","1","2","2","5"
"199","math_hard","1","0","1","system: Solve the competition-level math problem.
Return the final answer in this exact format: \boxed{NUMBER}
Do not output XML, ####, or extra prose.
Output only the boxed final answer.
user: Let $P$ be a point inside triangle $ABC$.  Let $G_1$, $G_2$, and $G_3$ be the centroids of triangles $PBC$, $PCA$, and $PAB$, respectively.  If the area of triangle $ABC$ is 18, then find the area of triangle $G_1 G_2 G_3$.

[asy]
import geometry;

unitsize(2 cm);

pair A, B, C, P;
pair[] G;

A = (1,3);
B = (0,0);
C = (4,0);
P = (2,1);
G[1] = (P + B + C)/3;
G[2] = (P + C + A)/3;
G[3] = (P + A + B)/3;

draw(A--B--C--cycle);
draw(A--P);
draw(B--P);
draw(C--P);
draw(G[1]--G[2]--G[3]--cycle);

label(""$A$"", A, dir(90));
label(""$B$"", B, SW);
label(""$C$"", C, SE);
dot(""$G_1$"", G[1], S);
dot(""$G_2$"", G[2], SE);
dot(""$G_3$"", G[3], NW);
label(""$P$"", P, S);
[/asy]

Return only: \boxed{NUMBER}","Let $P$ be a point inside triangle $ABC$.  Let $G_1$, $G_2$, and $G_3$ be the centroids of triangles $PBC$, $PCA$, and $PAB$, respectively.  If the area of triangle $ABC$ is 18, then find the area of triangle $G_1 G_2 G_3$.

[asy]
import geometry;

unitsize(2 cm);

pair A, B, C, P;
pair[] G;

A = (1,3);
B = (0,0);
C = (4,0);
P = (2,1);
G[1] = (P + B + C)/3;
G[2] = (P + C + A)/3;
G[3] = (P + A + B)/3;

draw(A--B--C--cycle);
draw(A--P);
draw(B--P);
draw(C--P);
draw(G[1]--G[2]--G[3]--cycle);

label(""$A$"", A, dir(90));
label(""$B$"", B, SW);
label(""$C$"", C, SE);
dot(""$G_1$"", G[1], S);
dot(""$G_2$"", G[2], SE);
dot(""$G_3$"", G[3], NW);
label(""$P$"", P, S);
[/asy]","2","To solve the problem, we need to find the area of triangle \(G_1 G_2 G_3\) where \(G_1\), \(G_2\), and \(G_3\) are the centroids of triangles \(PBC\), \(PCA\), and \(PAB\) respectively. We know that the area of triangle \(ABC\) is 18.

First, recall that the centroid of a triangle divides each median into a ratio of 2:1. Also, the centroid of a triangle is the average of the coordinates of its vertices. The centroid of a triangle divides the triangle into three smaller triangles of equal area.

For any point \(P\) inside triangle \(ABC\), the triangle \(G_1 G_2 G_3\) is similar to triangle \(ABC\) with a similarity ratio of \(\frac{1}{3}\). This is because each \(G_i\) is the centroid of a triangle formed by \(P\) and two vertices of \(ABC\), and the centroids form a smaller triangle that is similar to the original triangle but scaled down by a factor of \(\frac{1}{3}\).

The area of a similar triangle is proportional to the square of the similarity ratio. Therefore, the area of triangle \(G_1 G_2 G_3\) is \(\left(\frac{1}{3}\right)^2 = \frac{1}{9}\) of the area of triangle \(ABC\).

Given that the area of triangle \(ABC\) is 18, the area of triangle \(G_1 G_2 G_3\) is:
\[
\text{Area of } G_1 G_2 G_3 = \frac{1}{9} \times 18 = 2
\]

Thus, the area of triangle \(G_1 G_2 G_3\) is \(\boxed{2}\).","394","1.1","0","1","1","0","1","1","0","0.1","0","1","2","2","5"
"199","math_hard","2","0","2","system: Solve the competition-level math problem.
Return the final answer in this exact format: \boxed{NUMBER}
Do not output XML, ####, or extra prose.
Output only the boxed final answer.
user: Let $P$ be a point inside triangle $ABC$.  Let $G_1$, $G_2$, and $G_3$ be the centroids of triangles $PBC$, $PCA$, and $PAB$, respectively.  If the area of triangle $ABC$ is 18, then find the area of triangle $G_1 G_2 G_3$.

[asy]
import geometry;

unitsize(2 cm);

pair A, B, C, P;
pair[] G;

A = (1,3);
B = (0,0);
C = (4,0);
P = (2,1);
G[1] = (P + B + C)/3;
G[2] = (P + C + A)/3;
G[3] = (P + A + B)/3;

draw(A--B--C--cycle);
draw(A--P);
draw(B--P);
draw(C--P);
draw(G[1]--G[2]--G[3]--cycle);

label(""$A$"", A, dir(90));
label(""$B$"", B, SW);
label(""$C$"", C, SE);
dot(""$G_1$"", G[1], S);
dot(""$G_2$"", G[2], SE);
dot(""$G_3$"", G[3], NW);
label(""$P$"", P, S);
[/asy]

Return only: \boxed{NUMBER}","Let $P$ be a point inside triangle $ABC$.  Let $G_1$, $G_2$, and $G_3$ be the centroids of triangles $PBC$, $PCA$, and $PAB$, respectively.  If the area of triangle $ABC$ is 18, then find the area of triangle $G_1 G_2 G_3$.

[asy]
import geometry;

unitsize(2 cm);

pair A, B, C, P;
pair[] G;

A = (1,3);
B = (0,0);
C = (4,0);
P = (2,1);
G[1] = (P + B + C)/3;
G[2] = (P + C + A)/3;
G[3] = (P + A + B)/3;

draw(A--B--C--cycle);
draw(A--P);
draw(B--P);
draw(C--P);
draw(G[1]--G[2]--G[3]--cycle);

label(""$A$"", A, dir(90));
label(""$B$"", B, SW);
label(""$C$"", C, SE);
dot(""$G_1$"", G[1], S);
dot(""$G_2$"", G[2], SE);
dot(""$G_3$"", G[3], NW);
label(""$P$"", P, S);
[/asy]","2","To solve the problem, we start by understanding the geometric properties of the centroids and the areas involved.

First, recall that the centroid of a triangle divides each median into a ratio of 2:1, with the centroid being two-thirds of the way along each median from a vertex to the midpoint of the opposite side. The centroid of a triangle is also the average of the coordinates of the vertices of the triangle.

Given that \(G_1\), \(G_2\), and \(G_3\) are the centroids of triangles \(PBC\), \(PCA\), and \(PAB\) respectively, we can use the property that the area of the triangle formed by the centroids of the sub-triangles created by an interior point \(P\) is one-ninth of the area of the original triangle \(ABC\).

This is a known geometric result. If we denote the area of triangle \(ABC\) as \([ABC]\), then the area of triangle \(G_1G_2G_3\) is \(\frac{1}{9}[ABC]\).

Given that the area of triangle \(ABC\) is 18, we can calculate the area of triangle \(G_1G_2G_3\) as follows:
\[
[ABC] = 18
\]
\[
[G_1G_2G_3] = \frac{1}{9} \times 18 = 2
\]

Thus, the area of triangle \(G_1G_2G_3\) is \(\boxed{2}\).","323","1.1","0","1","1","0","1","1","0","0.1","0","1","2","2","5"
"199","math_hard","3","0","3","system: Solve the competition-level math problem.
Return the final answer in this exact format: \boxed{NUMBER}
Do not output XML, ####, or extra prose.
Output only the boxed final answer.
user: Let $P$ be a point inside triangle $ABC$.  Let $G_1$, $G_2$, and $G_3$ be the centroids of triangles $PBC$, $PCA$, and $PAB$, respectively.  If the area of triangle $ABC$ is 18, then find the area of triangle $G_1 G_2 G_3$.

[asy]
import geometry;

unitsize(2 cm);

pair A, B, C, P;
pair[] G;

A = (1,3);
B = (0,0);
C = (4,0);
P = (2,1);
G[1] = (P + B + C)/3;
G[2] = (P + C + A)/3;
G[3] = (P + A + B)/3;

draw(A--B--C--cycle);
draw(A--P);
draw(B--P);
draw(C--P);
draw(G[1]--G[2]--G[3]--cycle);

label(""$A$"", A, dir(90));
label(""$B$"", B, SW);
label(""$C$"", C, SE);
dot(""$G_1$"", G[1], S);
dot(""$G_2$"", G[2], SE);
dot(""$G_3$"", G[3], NW);
label(""$P$"", P, S);
[/asy]

Return only: \boxed{NUMBER}","Let $P$ be a point inside triangle $ABC$.  Let $G_1$, $G_2$, and $G_3$ be the centroids of triangles $PBC$, $PCA$, and $PAB$, respectively.  If the area of triangle $ABC$ is 18, then find the area of triangle $G_1 G_2 G_3$.

[asy]
import geometry;

unitsize(2 cm);

pair A, B, C, P;
pair[] G;

A = (1,3);
B = (0,0);
C = (4,0);
P = (2,1);
G[1] = (P + B + C)/3;
G[2] = (P + C + A)/3;
G[3] = (P + A + B)/3;

draw(A--B--C--cycle);
draw(A--P);
draw(B--P);
draw(C--P);
draw(G[1]--G[2]--G[3]--cycle);

label(""$A$"", A, dir(90));
label(""$B$"", B, SW);
label(""$C$"", C, SE);
dot(""$G_1$"", G[1], S);
dot(""$G_2$"", G[2], SE);
dot(""$G_3$"", G[3], NW);
label(""$P$"", P, S);
[/asy]","2","To solve the problem, we need to determine the area of triangle \( G_1G_2G_3 \), where \( G_1, G_2, \) and \( G_3 \) are the centroids of triangles \( PBC, PCA, \) and \( PAB \) respectively.

First, recall that the centroid of a triangle divides each median into a ratio of 2:1, and the centroid of a triangle is the average of the coordinates of its vertices. The centroid of a triangle divides it into three smaller triangles of equal area. Therefore, the area of each of the triangles \( PBC, PCA, \) and \( PAB \) is one-third of the area of \( ABC \). Since the area of \( ABC \) is 18, the area of each of the smaller triangles is \( \frac{18}{3} = 6 \).

The key insight is that the triangle \( G_1G_2G_3 \) is similar to triangle \( ABC \) and is scaled down by a factor of \( \frac{1}{3} \). The area of a triangle scales with the square of the scaling factor. Therefore, the area of triangle \( G_1G_2G_3 \) is \( \left( \frac{1}{3} \right)^2 \) times the area of triangle \( ABC \).

Calculating this, we get:
\[
\text{Area of } G_1G_2G_3 = \left( \frac{1}{3} \right)^2 \times 18 = \frac{1}{9} \times 18 = 2
\]

Thus, the area of triangle \( G_1G_2G_3 \) is \(\boxed{2}\).","381","1.1","0","1","1","0","1","1","0","0.1","0","1","2","2","5"
"199","math_hard","4","0","4","system: Solve the competition-level math problem.
Return the final answer in this exact format: \boxed{NUMBER}
Do not output XML, ####, or extra prose.
Output only the boxed final answer.
user: Let $P$ be a point inside triangle $ABC$.  Let $G_1$, $G_2$, and $G_3$ be the centroids of triangles $PBC$, $PCA$, and $PAB$, respectively.  If the area of triangle $ABC$ is 18, then find the area of triangle $G_1 G_2 G_3$.

[asy]
import geometry;

unitsize(2 cm);

pair A, B, C, P;
pair[] G;

A = (1,3);
B = (0,0);
C = (4,0);
P = (2,1);
G[1] = (P + B + C)/3;
G[2] = (P + C + A)/3;
G[3] = (P + A + B)/3;

draw(A--B--C--cycle);
draw(A--P);
draw(B--P);
draw(C--P);
draw(G[1]--G[2]--G[3]--cycle);

label(""$A$"", A, dir(90));
label(""$B$"", B, SW);
label(""$C$"", C, SE);
dot(""$G_1$"", G[1], S);
dot(""$G_2$"", G[2], SE);
dot(""$G_3$"", G[3], NW);
label(""$P$"", P, S);
[/asy]

Return only: \boxed{NUMBER}","Let $P$ be a point inside triangle $ABC$.  Let $G_1$, $G_2$, and $G_3$ be the centroids of triangles $PBC$, $PCA$, and $PAB$, respectively.  If the area of triangle $ABC$ is 18, then find the area of triangle $G_1 G_2 G_3$.

[asy]
import geometry;

unitsize(2 cm);

pair A, B, C, P;
pair[] G;

A = (1,3);
B = (0,0);
C = (4,0);
P = (2,1);
G[1] = (P + B + C)/3;
G[2] = (P + C + A)/3;
G[3] = (P + A + B)/3;

draw(A--B--C--cycle);
draw(A--P);
draw(B--P);
draw(C--P);
draw(G[1]--G[2]--G[3]--cycle);

label(""$A$"", A, dir(90));
label(""$B$"", B, SW);
label(""$C$"", C, SE);
dot(""$G_1$"", G[1], S);
dot(""$G_2$"", G[2], SE);
dot(""$G_3$"", G[3], NW);
label(""$P$"", P, S);
[/asy]","2","To solve the problem, we need to understand the relationship between the areas of the triangles formed by the centroids of the sub-triangles created by point \(P\) inside triangle \(ABC\).

First, recall that the centroid of a triangle divides each median into a ratio of 2:1, and it is the average of the vertices' coordinates. When we consider the centroids \(G_1\), \(G_2\), and \(G_3\) of triangles \(PBC\), \(PCA\), and \(PAB\) respectively, we can see that these centroids form a triangle that is similar to triangle \(ABC\) and scaled down by a factor of \(\frac{1}{3}\).

The area of a triangle scales with the square of the linear dimensions. Therefore, the area of triangle \(G_1G_2G_3\) is \(\left(\frac{1}{3}\right)^2 = \frac{1}{9}\) of the area of triangle \(ABC\).

Given that the area of triangle \(ABC\) is 18, the area of triangle \(G_1G_2G_3\) is:
\[
\text{Area of } G_1G_2G_3 = \frac{1}{9} \times 18 = 2
\]

Thus, the area of triangle \(G_1G_2G_3\) is \(\boxed{2}\).","301","1.1","0","1","1","0","1","1","0","0.1","0","1","2","2","5"
"199","math_hard","5","0","5","system: Solve the competition-level math problem.
Return the final answer in this exact format: \boxed{NUMBER}
Do not output XML, ####, or extra prose.
Output only the boxed final answer.
user: Let $P$ be a point inside triangle $ABC$.  Let $G_1$, $G_2$, and $G_3$ be the centroids of triangles $PBC$, $PCA$, and $PAB$, respectively.  If the area of triangle $ABC$ is 18, then find the area of triangle $G_1 G_2 G_3$.

[asy]
import geometry;

unitsize(2 cm);

pair A, B, C, P;
pair[] G;

A = (1,3);
B = (0,0);
C = (4,0);
P = (2,1);
G[1] = (P + B + C)/3;
G[2] = (P + C + A)/3;
G[3] = (P + A + B)/3;

draw(A--B--C--cycle);
draw(A--P);
draw(B--P);
draw(C--P);
draw(G[1]--G[2]--G[3]--cycle);

label(""$A$"", A, dir(90));
label(""$B$"", B, SW);
label(""$C$"", C, SE);
dot(""$G_1$"", G[1], S);
dot(""$G_2$"", G[2], SE);
dot(""$G_3$"", G[3], NW);
label(""$P$"", P, S);
[/asy]

Return only: \boxed{NUMBER}","Let $P$ be a point inside triangle $ABC$.  Let $G_1$, $G_2$, and $G_3$ be the centroids of triangles $PBC$, $PCA$, and $PAB$, respectively.  If the area of triangle $ABC$ is 18, then find the area of triangle $G_1 G_2 G_3$.

[asy]
import geometry;

unitsize(2 cm);

pair A, B, C, P;
pair[] G;

A = (1,3);
B = (0,0);
C = (4,0);
P = (2,1);
G[1] = (P + B + C)/3;
G[2] = (P + C + A)/3;
G[3] = (P + A + B)/3;

draw(A--B--C--cycle);
draw(A--P);
draw(B--P);
draw(C--P);
draw(G[1]--G[2]--G[3]--cycle);

label(""$A$"", A, dir(90));
label(""$B$"", B, SW);
label(""$C$"", C, SE);
dot(""$G_1$"", G[1], S);
dot(""$G_2$"", G[2], SE);
dot(""$G_3$"", G[3], NW);
label(""$P$"", P, S);
[/asy]","2","To solve the problem, we need to find the area of triangle \( G_1G_2G_3 \) where \( G_1 \), \( G_2 \), and \( G_3 \) are the centroids of triangles \( PBC \), \( PCA \), and \( PAB \) respectively, and the area of triangle \( ABC \) is 18.

First, recall that the centroid of a triangle divides each median into a ratio of 2:1, and it is also the average of the coordinates of the vertices of the triangle. The centroid of a triangle is also the average of the coordinates of the vertices.

Since \( G_1 \), \( G_2 \), and \( G_3 \) are the centroids of triangles \( PBC \), \( PCA \), and \( PAB \) respectively, each of these centroids is located at the average of the coordinates of the vertices of their respective triangles. This means that each centroid is located at a point that is one-third of the way from \( P \) to the midpoint of the opposite side of the original triangle.

The key observation here is that the triangle \( G_1G_2G_3 \) is similar to triangle \( ABC \) with a similarity ratio of \( \frac{1}{3} \). This is because each centroid is the average of the vertices of the smaller triangle, and the centroid divides the median in a 2:1 ratio. Therefore, the area of triangle \( G_1G_2G_3 \) is the area of triangle \( ABC \) scaled by the square of the similarity ratio.

The area of triangle \( G_1G_2G_3 \) is thus:
\[
\text{Area of } G_1G_2G_3 = \left( \frac{1}{3} \right)^2 \times \text{Area of } ABC = \frac{1}{9} \times 18 = 2
\]

Therefore, the area of triangle \( G_1G_2G_3 \) is \(\boxed{2}\).","445","1.1","0","1","1","0","1","1","0","0.1","0","1","2","2","5"
"199","math_hard","6","0","6","system: Solve the competition-level math problem.
Return the final answer in this exact format: \boxed{NUMBER}
Do not output XML, ####, or extra prose.
Output only the boxed final answer.
user: Let $P$ be a point inside triangle $ABC$.  Let $G_1$, $G_2$, and $G_3$ be the centroids of triangles $PBC$, $PCA$, and $PAB$, respectively.  If the area of triangle $ABC$ is 18, then find the area of triangle $G_1 G_2 G_3$.

[asy]
import geometry;

unitsize(2 cm);

pair A, B, C, P;
pair[] G;

A = (1,3);
B = (0,0);
C = (4,0);
P = (2,1);
G[1] = (P + B + C)/3;
G[2] = (P + C + A)/3;
G[3] = (P + A + B)/3;

draw(A--B--C--cycle);
draw(A--P);
draw(B--P);
draw(C--P);
draw(G[1]--G[2]--G[3]--cycle);

label(""$A$"", A, dir(90));
label(""$B$"", B, SW);
label(""$C$"", C, SE);
dot(""$G_1$"", G[1], S);
dot(""$G_2$"", G[2], SE);
dot(""$G_3$"", G[3], NW);
label(""$P$"", P, S);
[/asy]

Return only: \boxed{NUMBER}","Let $P$ be a point inside triangle $ABC$.  Let $G_1$, $G_2$, and $G_3$ be the centroids of triangles $PBC$, $PCA$, and $PAB$, respectively.  If the area of triangle $ABC$ is 18, then find the area of triangle $G_1 G_2 G_3$.

[asy]
import geometry;

unitsize(2 cm);

pair A, B, C, P;
pair[] G;

A = (1,3);
B = (0,0);
C = (4,0);
P = (2,1);
G[1] = (P + B + C)/3;
G[2] = (P + C + A)/3;
G[3] = (P + A + B)/3;

draw(A--B--C--cycle);
draw(A--P);
draw(B--P);
draw(C--P);
draw(G[1]--G[2]--G[3]--cycle);

label(""$A$"", A, dir(90));
label(""$B$"", B, SW);
label(""$C$"", C, SE);
dot(""$G_1$"", G[1], S);
dot(""$G_2$"", G[2], SE);
dot(""$G_3$"", G[3], NW);
label(""$P$"", P, S);
[/asy]","2","To solve the problem, we need to understand the relationship between the area of triangle \(ABC\) and the area of triangle \(G_1G_2G_3\), where \(G_1\), \(G_2\), and \(G_3\) are the centroids of triangles \(PBC\), \(PCA\), and \(PAB\) respectively.

First, recall that the centroid of a triangle divides each median into a ratio of 2:1, and it is the average of the coordinates of the vertices of the triangle. The key property we will use is that the area of the triangle formed by the centroids of the triangles \(PBC\), \(PCA\), and \(PAB\) is \(\frac{1}{9}\) of the area of triangle \(ABC\).

Given that the area of triangle \(ABC\) is 18, the area of triangle \(G_1G_2G_3\) is:
\[
\text{Area of } \triangle G_1G_2G_3 = \frac{1}{9} \times \text{Area of } \triangle ABC = \frac{1}{9} \times 18 = 2
\]

Thus, the area of triangle \(G_1G_2G_3\) is \(\boxed{2}\).","279","1.1","0","1","1","0","1","1","0","0.1","0","1","2","2","5"
"199","math_hard","7","0","7","system: Solve the competition-level math problem.
Return the final answer in this exact format: \boxed{NUMBER}
Do not output XML, ####, or extra prose.
Output only the boxed final answer.
user: Let $P$ be a point inside triangle $ABC$.  Let $G_1$, $G_2$, and $G_3$ be the centroids of triangles $PBC$, $PCA$, and $PAB$, respectively.  If the area of triangle $ABC$ is 18, then find the area of triangle $G_1 G_2 G_3$.

[asy]
import geometry;

unitsize(2 cm);

pair A, B, C, P;
pair[] G;

A = (1,3);
B = (0,0);
C = (4,0);
P = (2,1);
G[1] = (P + B + C)/3;
G[2] = (P + C + A)/3;
G[3] = (P + A + B)/3;

draw(A--B--C--cycle);
draw(A--P);
draw(B--P);
draw(C--P);
draw(G[1]--G[2]--G[3]--cycle);

label(""$A$"", A, dir(90));
label(""$B$"", B, SW);
label(""$C$"", C, SE);
dot(""$G_1$"", G[1], S);
dot(""$G_2$"", G[2], SE);
dot(""$G_3$"", G[3], NW);
label(""$P$"", P, S);
[/asy]

Return only: \boxed{NUMBER}","Let $P$ be a point inside triangle $ABC$.  Let $G_1$, $G_2$, and $G_3$ be the centroids of triangles $PBC$, $PCA$, and $PAB$, respectively.  If the area of triangle $ABC$ is 18, then find the area of triangle $G_1 G_2 G_3$.

[asy]
import geometry;

unitsize(2 cm);

pair A, B, C, P;
pair[] G;

A = (1,3);
B = (0,0);
C = (4,0);
P = (2,1);
G[1] = (P + B + C)/3;
G[2] = (P + C + A)/3;
G[3] = (P + A + B)/3;

draw(A--B--C--cycle);
draw(A--P);
draw(B--P);
draw(C--P);
draw(G[1]--G[2]--G[3]--cycle);

label(""$A$"", A, dir(90));
label(""$B$"", B, SW);
label(""$C$"", C, SE);
dot(""$G_1$"", G[1], S);
dot(""$G_2$"", G[2], SE);
dot(""$G_3$"", G[3], NW);
label(""$P$"", P, S);
[/asy]","2","To find the area of triangle \( G_1G_2G_3 \), we start by understanding the relationship between the triangles \( ABC \) and \( G_1G_2G_3 \). The points \( G_1, G_2, G_3 \) are the centroids of triangles \( PBC, PCA, PAB \) respectively. The key insight is that the triangle \( G_1G_2G_3 \) is similar to triangle \( ABC \) and is scaled down by a factor of \( \frac{1}{3} \) in each dimension.

Since the area of a triangle scales with the square of the linear dimensions, the area of triangle \( G_1G_2G_3 \) is \( \left( \frac{1}{3} \right)^2 = \frac{1}{9} \) of the area of triangle \( ABC \).

Given that the area of triangle \( ABC \) is 18, the area of triangle \( G_1G_2G_3 \) is:
\[
\text{Area of } G_1G_2G_3 = \frac{1}{9} \times 18 = 2.
\]

Thus, the area of triangle \( G_1G_2G_3 \) is \(\boxed{2}\).","288","1.1","0","1","1","0","1","1","0","0.1","0","1","2","2","5"